scams,labels
Here is a great investment opportunity! Click here to learn more: [link],yes
I'm giving away a free car! All you have to do is retweet this post and follow me,yes
You've won a prize! Click here to claim your prize: [link],yes
Your account has been compromised. Please click here to reset your password: [link],yes
You've been selected to participate in a confidential survey. Please click here to take the survey: [link],yes
Your account has been suspended for suspicious activity. Please click here to verify your identity: [link],yes
You're eligible for a government grant! Click here to learn more: [link],yes
Your computer has been infected with a virus. Please click here to download the antivirus software: [link],yes
You're entitled to a tax refund! Click here to learn more: [link],yes
You've won the lottery! Click here to claim your prize: [link],yes
I'm selling my iPhone for a fraction of the price! Click here to learn more: [link],yes
I'm giving away a free vacation! All you have to do is follow me and retweet this post,yes
Here is a great way to make money online! Click here to learn more: [link],yes
I'm selling my car for a fraction of the price! Click here to learn more: [link],yes
I'm offering a free consultation on financial planning. Click here to schedule an appointment: [link],yes
Here is a great way to get out of debt! Click here to learn more: [link],yes
I'm offering a free consultation on legal advice. Click here to schedule an appointment: [link],yes
Here is a great way to lose weight quickly and easily! Click here to learn more: [link],yes
I'm offering a free consultation on health and wellness. Click here to schedule an appointment: [link],yes
Here is a great way to make money online! Click here to learn more: [link],yes
I'm selling my house for a fraction of the price! Click here to learn more: [link],yes
I'm offering a free consultation on real estate. Click here to schedule an appointment: [link],yes
Here is a great way to make money investing in stocks! Click here to learn more: [link],yes
I'm offering a free consultation on investing. Click here to schedule an appointment: [link],yes
Here is a great way to make money online! Click here to learn more: [link],yes
I'm selling my business for a fraction of the price! Click here to learn more: [link],yes
I'm offering a free consultation on business consulting. Click here to schedule an appointment: [link],yes
Here is a great way to make money online! Click here to learn more: [link],yes
I'm selling my yacht for a fraction of the price! Click here to learn more: [link],yes
I'm offering a free consultation on yacht sales. Click here to schedule an appointment: [link],yes
Here is a great way to make money online! Click here to learn more: [link],yes
I'm selling my private jet for a fraction of the price! Click here to learn more: [link],yes
I'm offering a free consultation on private jet sales. Click here to schedule an appointment: [link],yes
Here is a great business opportunity! Click here to learn more: [link],yes
I'm giving away a free iPhone 14! All you have to do is retweet this post and follow me,yes
You've won a trip to Disneyland! Click here to claim your prize: [link],yes
Your account has been hacked. Please click here to reset your password: [link],yes
You've been selected to participate in a secret government project. Please click here to learn more: [link],yes
Your account has been suspended for violating our terms of service. Please click here to verify your identity: [link],yes
You're eligible for a government grant of up to $10000! Click here to learn more: [link],yes
Your computer is infected with a virus. Please click here to download the antivirus software: [link],yes
You're entitled to a tax refund of up to $2000! Click here to learn more: [link],yes
You've won the lottery! Click here to claim your prize: [link],yes
I'm selling my Rolex watch for a fraction of the price! Click here to learn more: [link],yes
I'm giving away a free MacBook Pro! All you have to do is follow me and retweet this post,yes
Here is a great way to make money online! Click here to learn more: [link],yes
I'm selling my BMW car for a fraction of the price! Click here to learn more: [link],yes
I'm offering a free consultation on financial planning. Click here to schedule an appointment: [link],yes
Here is a great way to get out of debt! Click here to learn more: [link],yes
I'm offering a free consultation on legal advice. Click here to schedule an appointment: [link],yes
Here is a great way to lose weight quickly and easily! Click here to learn more: [link],yes
I'm offering a free consultation on health and wellness. Click here to schedule an appointment: [link],yes
Here is a great way to make money investing in cryptocurrency! Click here to learn more: [link],yes
I'm offering a free consultation on cryptocurrency investing. Click here to schedule an appointment: [link],yes
Here is a great way to make money online! Click here to learn more: [link],yes
I'm selling my house for a fraction of the price! Click here to learn more: [link],yes
I'm offering a free consultation on real estate. Click here to schedule an appointment: [link],yes
Here is a great way to make money investing in stocks! Click here to learn more: [link],yes
I'm offering a free consultation on investing. Click here to schedule an appointment: [link],yes
Here is a great way to make money online! Click here to learn more: [link],yes
I'm selling my business for a fraction of the price! Click here to learn more: [link],yes
I'm offering a free consultation on business consulting. Click here to schedule an appointment: [link],yes
Here is a great way to make money online! Click here to learn more: [link],yes
I'm selling my yacht for a fraction of the price! Click here to learn more: [link],yes
I'm offering a free consultation on yacht sales. Click here to schedule an appointment: [link],yes
Here is a great way to make money online! Click here to learn more: [link],yes
I'm selling my private jet for a fraction of the price! Click here to learn more: [link],yes
I'm offering a free consultation on private jet sales. Click here to schedule an appointment: [link],yes
Here is a great investment opportunity! Invest in our new cryptocurrency and double your money in just 30 days! [link],yes
I'm giving away a free Bitcoin! All you have to do is retweet this post and follow me,yes
You've won a free Ethereum! Click here to claim your prize: [link],yes
Your crypto wallet has been hacked. Please click here to reset your password: [link],yes
You've been selected to participate in a new crypto airdrop. Please click here to learn more: [link],yes
Your crypto account has been suspended for suspicious activity. Please click here to verify your identity: [link],yes
You're eligible for a government grant to invest in cryptocurrency! Click here to learn more: [link],yes
Your computer is infected with a crypto mining malware. Please click here to download the antivirus software: [link],yes
You're entitled to a tax refund on your cryptocurrency investments! Click here to learn more: [link],yes
You've won the cryptocurrency lottery! Click here to claim your prize: [link],yes
I'm selling my Bitcoin mining rig for a fraction of the price! Click here to learn more: [link],yes
I'm giving away a free NFT! All you have to do is follow me and retweet this post,yes
Here is a great way to make money online trading cryptocurrency! Click here to learn more: [link],yes
I'm selling my crypto trading course for a fraction of the price! Click here to learn more: [link],yes
I'm offering a free consultation on cryptocurrency investing. Click here to schedule an appointment: [link],yes
Here is a great way to get out of debt using cryptocurrency! Click here to learn more: [link],yes
I'm offering a free consultation on cryptocurrency taxes. Click here to schedule an appointment: [link],yes
Here is a great way to lose weight quickly and easily using cryptocurrency! Click here to learn more: [link],yes
I'm offering a free consultation on cryptocurrency health and wellness. Click here to schedule an appointment: [link],yes
Here is a great way to make money investing in cryptocurrency! Click here to learn more: [link],yes
I'm selling my house for a fraction of the price but only for cryptocurrency! Click here to learn more: [link],yes
I'm offering a free consultation on cryptocurrency real estate. Click here to schedule an appointment: [link],yes
Here is a great way to make money investing in cryptocurrency stocks! Click here to learn more: [link],yes
I'm offering a free consultation on cryptocurrency stock investing. Click here to schedule an appointment: [link],yes
Here is a great way to make money online using cryptocurrency! Click here to learn more: [link],yes
I'm selling my business for a fraction of the price but only for cryptocurrency! Click here to learn more: [link],yes
I'm offering a free consultation on cryptocurrency business consulting. Click here to schedule an appointment: [link],yes
Here is a great way to make money online using cryptocurrency! Click here to learn more: [link],yes
I'm selling my yacht for a fraction of the price but only for cryptocurrency! Click here to learn more: [link],yes
I'm offering a free consultation on cryptocurrency yacht sales. Click here to schedule an appointment: [link],yes
Here is a great way to make money online using cryptocurrency! Click here to learn more: [link],yes
I'm selling my private jet for a fraction of the price but only for cryptocurrency! Click here to learn more: [link],yes
I'm offering a free consultation on cryptocurrency private jet sales. Click here to schedule an appointment: [link],yes
Here is a great opportunity! Get a free iPhone 14 just for signing up for our newsletter! [link],yes
I'm giving away a free MacBook Pro to one lucky follower! All you have to do is retweet this post and follow me,yes
You've won a free trip to Hawaii! Click here to claim your prize: [link],yes
Your Amazon account has been compromised. Please click here to reset your password and claim your free gift: [link],yes
You've been selected to participate in our exclusive customer survey. Please click here to complete the survey and claim your free gift: [link],yes
Your account has been suspended for suspicious activity. Please click here to verify your identity and claim your free gift: [link],yes
You're eligible for a free government grant of up to $10000! Click here to learn more and claim your free gift: [link],yes
Your computer is infected with a virus. Please click here to download the antivirus software and claim your free gift: [link],yes
You're entitled to a tax refund of up to $2000! Click here to learn more and claim your free gift: [link],yes
You've won the lottery! Click here to claim your prize and receive a free gift: [link],yes
I'm selling my Rolex watch for a fraction of the price and including a free gift! Click here to learn more: [link],yes
I'm giving away a free BMW car to one lucky winner! All you have to do is follow me and retweet this post,yes
Here is a great way to make money online! Get a free signup bonus when you join our platform: [link],yes
I'm selling my house for a fraction of the price and including a free gift! Click here to learn more: [link],yes
I'm offering a free consultation on financial planning and will include a free gift for new clients: [link],yes
Here is a great way to get out of debt! Get a free credit report and consultation from our experts: [link],yes
I'm offering a free consultation on legal advice and will include a free gift for new clients: [link],yes
Here is a great way to lose weight quickly and easily! Get a free sample of our new diet product: [link],yes
I'm offering a free consultation on health and wellness and will include a free gift for new clients: [link],yes
Here is a great way to make money investing in stocks! Get a free stock trading platform and signup bonus: [link],yes
I'm offering a free consultation on investing and will include a free gift for new clients: [link],yes
Here is a great way to make money online! Get a free website builder and hosting service: [link],yes
I'm selling my business for a fraction of the price and including a free gift! Click here to learn more: [link],yes
I'm offering a free consultation on business consulting and will include a free gift for new clients: [link],yes
Here is a great way to make money online! Get a free ebook on how to start your own online business: [link],yes
I'm selling my yacht for a fraction of the price and including a free gift! Click here to learn more: [link],yes
I'm offering a free consultation on yacht sales and will include a free gift for new clients: [link],yes
Here is a great way to make money online! Get a free course on how to make money online: [link],yes
I'm selling my private jet for a fraction of the price and including a free gift! Click here to learn more: [link],yes
I'm offering a free consultation on private jet sales and will include a free gift for new clients: [link],yes
Double your money in just 30 days with our new gambling system! Click here to learn more: [link],yes
I'm giving away a free $100 bet to one lucky follower! All you have to do is retweet this post and follow me,yes
You've won a free trip to Las Vegas! Click here to claim your prize: [link],yes
Your gambling account has been compromised. Please click here to reset your password: [link],yes
You've been selected to participate in our exclusive VIP gambling program. Please click here to learn more: [link],yes
Your account has been suspended for suspicious activity. Please click here to verify your identity: [link],yes
You've won the gambling lottery! Click here to claim your prize: [link],yes
I'm selling my gambling system for a fraction of the price! Click here to learn more: [link],yes
I'm giving away a free gambling course to one lucky follower! All you have to do is retweet this post and follow me,yes
Here is a great way to make money online gambling! Click here to learn more: [link],yes
I'm selling my gambling account for a fraction of the price! Click here to learn more: [link],yes
I'm offering a free consultation on gambling strategy. Click here to schedule an appointment: [link],yes
Here is a great way to get out of debt by gambling! Click here to learn more: [link],yes
I'm offering a free consultation on gambling addiction. Click here to schedule an appointment: [link],yes
Here is a great way to lose weight quickly and easily by gambling! Click here to learn more: [link],yes
I'm offering a free consultation on gambling health and wellness. Click here to schedule an appointment: [link],yes
Here is a great way to make money investing in gambling stocks! Click here to learn more: [link],yes
I'm offering a free consultation on gambling investing. Click here to schedule an appointment: [link],yes
Here is a great way to make money online gambling! Click here to learn more: [link],yes
I'm selling my gambling business for a fraction of the price! Click here to learn more: [link],yes
I'm offering a free consultation on gambling business consulting. Click here to schedule an appointment: [link],yes
Here is a great way to make money online gambling! Click here to learn more: [link],yes
I'm selling my yacht for a fraction of the price! Click here to learn more: [link],yes
I'm offering a free consultation on yacht sales. Click here to schedule an appointment: [link],yes
Here is a great way to make money online gambling! Click here to learn more: [link],yes
I'm selling my private jet for a fraction of the price! Click here to learn more: [link],yes
I'm offering a free consultation on private jet sales. Click here to schedule an appointment: [link],yes
Here is a great way to make money online gambling! Click here to learn more: [link],yes
I'm selling my casino for a fraction of the price! Click here to learn more: [link],yes
I'm offering a free consultation on casino sales. Click here to schedule an appointment: [link],yes
Here is a great way to make money online gambling! Click here to learn more: [link],yes
I'm selling my sportsbook for a fraction of the price! Click here to learn more: [link],yes
I'm offering a free consultation on sportsbook sales. Click here to schedule an appointment: [link],yes
Please consider donating to the [charity name] to help them provide [aid or service] to those in need. [link],no
Help us support [charity name] in their mission to [mission statement]. Donate today and make a difference! [link],no
[Charity name] is doing amazing work to help [people in need]. Please join us in supporting them by donating today. [link],no
[Charity name] relies on your donations to continue their important work. Please give today and make a difference. [link],no
[Charity name] is committed to making a difference in the lives of [people in need]. You can help by donating today. [link],no
[Charity name] is a highly rated and transparent charity that is making a difference in the world. Please consider donating today. [link],no
Natural disasters can strike at any time so it's important to be prepared. Here are some tips: [link to image of natural disaster preparedness kit],no
Floods are one of the most common natural disasters. If you live in an area that is prone to flooding be sure to have a plan in place. [link to image of flood preparedness plan],no
Wildfires are another common natural disaster. If you live in an area that is prone to wildfires be sure to create a defensible space around your home. [link to image of wildfire defensible space],no
Earthquakes can happen anywhere in the world so it's important to know what to do if one strikes. [link to image of earthquake safety tips],no
Hurricanes are powerful storms that can cause major damage. If you live in an area that is prone to hurricanes be sure to have a hurricane evacuation plan. [link to image of hurricane evacuation plan],no
Tornadoes are brief but powerful storms that can cause significant damage. If you live in an area that is prone to tornadoes be sure to have a tornado shelter plan. [link to image of tornado shelter plan],no
Volcanic eruptions can cause a variety of hazards including ash falls lava flows and pyroclastic flows. If you live in an area near a volcano be sure to have a volcano eruption plan. [link to image of volcano eruption plan],no
Droughts can cause a variety of problems including water shortages crop failures and wildfires. If you live in an area that is prone to droughts be sure to have a drought preparedness plan. [link to image of drought preparedness plan],no
Extreme heat can be dangerous especially for the elderly and those with chronic health conditions. If you live in an area that experiences extreme heat be sure to have a heat wave preparedness plan. [link to image of heat wave preparedness plan],no
Extreme cold can also be dangerous especially for the elderly and those with chronic health conditions. If you live in an area that experiences extreme cold be sure to have a cold weather preparedness plan. [link to image of cold weather preparedness plan],no
Stock market is showing strong gains today!,no
I just bought some shares of AAPL. Let's see how it performs.,no
Tesla's stock is on fire ,no
Market volatility is keeping investors on their toes.,no
Tech stocks are leading the way this week.,no
Amazon's earnings report is out. Expecting big moves!,no
Watching the S&P 500 closely for any signs of a rally.,no
"Oil prices continue to rise, impacting energy stocks.",no
Warren Buffett's investment strategy is timeless.,no
Day trading can be a risky game.,no
Bitcoin's price is surging to new highs.,no
Real estate stocks are a good long-term investment.,no
The Dow Jones Industrial Average is up today.,no
Keeping an eye on the NASDAQ for tech stock trends.,no
Investing in blue-chip stocks for stability.,no
Stock market corrections are a natural part of the cycle.,no
Biotech companies are working on groundbreaking treatments.,no
Trading options can be profitable if done right.,no
Economic indicators suggest a bullish market.,no
China's tech giants face regulatory challenges.,no
Staying diversified with a mix of stocks and bonds.,no
Watching for earnings surprises during earnings season.,no
New IPOs are attracting a lot of attention.,no
Gold is often seen as a safe-haven investment.,no
Market sentiment plays a big role in stock prices.,no
Investors are cautious ahead of the Fed's decision.,no
"Short selling can be risky, but it's a strategy for some.",no
Stocks of renewable energy companies are on the rise.,no
Volatility index (VIX) is a useful gauge of market fear.,no
Stock splits can impact stock prices and trading volumes.,no
Value investing vs. growth investing  which is right for you?,no
National health policies play a crucial role in improving the well-being of our citizens.,no
Access to quality healthcare is a fundamental right for every individual. #HealthcareForAll,no
Preventive care is key to maintaining a healthy nation. #PublicHealth,no
The pandemic has highlighted the importance of a strong healthcare system. #COVID19,no
Regular exercise and a balanced diet are essential for good national health.,no
We must invest in research and development to advance medical science. #Research,no
National Health Service workers are true heroes. Thank you for your dedication. #NHS,no
Let's work together to reduce health disparities and promote health equity.,no
Clean water and sanitation are essential for public health and well-being.,no
Vaccination is one of the most effective ways to protect public health. #VaccinesSaveLives,no
Access to mental health services is crucial for a healthy nation. #MentalHealth,no
National health insurance programs help ensure everyone can access healthcare. #Insurance,no
Regular check-ups and screenings can catch health issues early. #Prevention,no
Proper nutrition education is essential to combat the rise in obesity and diet-related diseases. #Nutrition,no
Public health campaigns can raise awareness about important health issues. #Awareness,no
Let's support medical professionals and frontline workers. They are our first line of defense. #FrontlineHeroes,no
Investing in public health infrastructure benefits us all in the long run.,no
Community health centers provide essential healthcare services to underserved populations.,no
Telemedicine is changing the way we access healthcare. #Telehealth,no
Regular exercise and a balanced diet are the cornerstones of a healthy life.,no
We must prioritize healthcare education to promote informed health choices. #Education,no
Access to affordable medication is crucial to managing chronic conditions. #Affordability,no
Preventing the spread of infectious diseases is a shared responsibility. #PublicSafety,no
Supporting medical research helps us understand and combat health challenges. #ResearchMatters,no
Good mental health is just as important as physical health. Let's end the stigma. #MentalHealthMatters,no
National health programs must focus on the needs of vulnerable populations. #Equality,no
Emergency preparedness is essential for responding to public health crises. #EmergencyPrep,no
Clean air and a healthy environment are vital to our overall well-being. #Environment,no
Access to primary care physicians is a critical component of a strong healthcare system.,no
Healthy habits start at home. Teach your children the importance of good health. #Family,no
National health campaigns can inspire positive change and healthier lifestyles. #Change,no
Devika is such a talented programmer!,no
I had a great conversation with Devika today.,no
Devika's coding skills are off the charts!,no
Kudos to Devika for her amazing work!,no
I'm always inspired by Devika's dedication.,no
Devika is a true coding genius.,no
I can't help but smile every time I think about Devika. Her presence in my life is a blessing.,no
Devika's kindness and warmth are truly one of a kind. She fills my heart with love and joy.,no
Love is Devika's middle name. Her compassion knows no bounds.,no
Devika's smile has the power to brighten even the darkest of days. Love her to bits!,no
"When Devika is around, the world seems like a better place. Her love is contagious.",no
Devika's love is like a warm hug for the soul. It's a privilege to know her.,no
"Whenever I see Devika, my heart skips a beat. Her love is magical.",no
Love for Devika is endless. She's an angel in human form.,no
"In Devika's presence, love flows effortlessly. She's a beautiful soul.",no
Devika's love is like a gentle breeze on a hot summer day. So soothing and refreshing.,no
"When I count my blessings, Devika's love is at the top of the list. She's a treasure.",no
Devika's love is like a beacon of light guiding me through life's storms.,no
Every moment spent with Devika is a reminder of the beauty of love. She's a gem.,no
Devika's love is the melody of my life. It brings joy and harmony.,no
Love for Devika knows no boundaries. It's an unending river of warmth.,no
Devika's heart is a reservoir of love. I'm grateful to have her in my life.,no
Love for Devika is like a wellspring of happiness. She's a true friend.,no
Devika's love is the glue that holds us together. It's unbreakable.,no
"In Devika, I found not just a friend but a reservoir of love and understanding.",no
"Devika's love is like a protective shield, guarding us from life's hardships.",no
"When I think of Devika, I can't help but feel overwhelmed by love and gratitude.",no
Devika's love is a constant source of inspiration. She's my guiding star.,no
"Love for Devika is an eternal flame, forever burning bright in my heart.",no
"Devika's love is a lighthouse in the darkness, guiding us safely through life's challenges.",no
Every day with Devika is a day filled with love and laughter. She's a blessing.,no
Devika's love is the cornerstone of our friendship. It's rock solid.,no
"In Devika, I found a love that's pure and unwavering. She's extraordinary.",no
"Devika's love is like a warm, comforting embrace. It's a privilege to know her.",no
Love for Devika is a treasure I hold dear. She's a true gem in my life.,no
Devika's love is a gift that keeps on giving. I'm grateful every day.,no
The Lakers won the NBA championship last night!,no
"Exciting game in the Super Bowl, with a thrilling finish.",no
Roger Federer advances to the finals at Wimbledon.,no
Breaking: Cristiano Ronaldo signs a new contract with Manchester United.,no
LeBron James scores 40 points in a high-scoring match.,no
The Olympics opening ceremony was a spectacular event.,no
Serena Williams dominates in her first-round match at the US Open.,no
Tom Brady throws a game-winning touchdown pass.,no
Golden State Warriors are on a winning streak.,no
Formula 1 season kicks off with an intense race.,no
Real Madrid secures a place in the Champions League finals.,no
Michael Jordan's documentary is a must-watch for basketball fans.,no
Record-breaking run in the 100m dash by Usain Bolt.,no
Exciting times for soccer fans with the World Cup around the corner.,no
The NFL draft is full of talent this year.,no
Nadal's performance on clay courts is unmatched.,no
The Stanley Cup finals are heating up.,no
Maria Sharapova announces her retirement from tennis.,no
New records set in the long jump at the Olympics.,no
"LeBron James joins the 30,000 points club.",no
An incredible comeback win for the underdog team.,no
The Masters Tournament had some unforgettable moments.,no
Messi's hat-trick secures a win for Barcelona.,no
Exciting news in the world of MMA with a big fight announcement.,no
High expectations for the upcoming golf major.,no
Simone Biles wows the world with her gymnastics routine.,no
The FIFA World Cup draws are out; anticipation builds.,no
NHL playoffs are in full swing with intense matchups.,no
Novak Djokovic continues to dominate the tennis world.,no
Surprise victory for the underdog in the boxing match.,no
Become a millionaire in just 7 days! Click the link now!,yes
Breaking: Alien invasion confirmed! Stay in your homes.,yes
Get a free iPhone X now! Limited time offer!,yes
New study finds that chocolate is the key to eternal life.,no
Local charity event happening this weekend. Join us!,no
Warning: New virus outbreak in the city. Stay safe.,yes
Exclusive: Interview with the President tonight at 8 PM.,no
Amazing deal on luxury watches! Don't miss out!,yes
Scientists discover a cure for the common cold.,no
Your bank account has been compromised. Click here to verify.,yes
New research shows the benefits of regular exercise.,no
Win a free trip to a tropical paradise! Enter now.,yes
Traffic alert: Major accident on Highway 101. Avoid the area.,no
Breaking: Celebrities endorse new miracle weight loss product.,yes
Local elections to be held next month. Get ready to vote!,no
"Congratulations, you've won a $1,000,000 prize! Claim now.",yes
Important weather update: Storm warning for the weekend.,yes
New business opens downtown. Support local entrepreneurs!,no
Special offer: 50% off on all electronics. Shop now!,yes
Scientific breakthrough: A cure for cancer has been found.,no
Your Amazon account has been locked. Verify your details.,yes
Community cleanup event this Saturday. Join us in making a difference!,no
BREAKING: Win a brand new iPhone for only $1! Limited time offer!,yes
Scientists have discovered a new species of dinosaur in Antarctica.,no
"Congratulations! You've won a $1,000,000 prize. Click here to claim it!",yes
The stock market experienced a sharp decline today due to economic concerns.,no
URGENT: Your bank account has been compromised. Please provide your information.,yes
Local charity organization is hosting a food drive to help those in need.,no
Get rich quick with our revolutionary investment strategy! Guaranteed returns!,yes
New research suggests that drinking green tea may have health benefits.,no
Your computer is infected with a virus. Pay $100 to remove it now.,yes
Breaking news: Peace negotiations between two warring nations have begun.,no
Claim your free vacation to a tropical paradise! Limited spots available.,yes
The city is launching a new public transportation initiative to reduce traffic.,no
"Make $1,000 a day from home. No experience required. Start now!",yes
New study finds that exercise can improve mental health and well-being.,no
You've been selected for a special prize! Enter your credit card to claim it.,yes
High school students excel in national math competition.,no
Double your money in just one week with our exclusive investment opportunity!,yes
Local wildlife sanctuary rescues and rehabilitates injured animals.,no
Win a luxury car in our online contest! Only a few spots left.,yes
Government announces new policies to address climate change.,no
Congratulations! You've won a lifetime supply of chocolate. Provide your details.,yes
World leaders gather for an international summit on peace and cooperation.,no
Get a free trial of our miracle weight loss pill. Shed pounds in days!,yes
New technology innovation promises to revolutionize the energy industry.,no
Your bank account has been locked. Verify your identity to unlock it.,yes
Major breakthrough in cancer research offers hope for patients.,no
Free iPhone for the first 100 callers! Call now to claim yours.,yes
Local volunteers clean up the community park to make it safer and cleaner.,no
Make money while you sleep with our automated trading system. Join now!,yes
City council approves funding for affordable housing projects.,no
"Congratulations! You've been selected as the winner of a $10,000 prize.",yes
New educational program aims to improve literacy rates in underprivileged areas.,no
Urgent message: Your email account has been compromised. Click here to secure it.,yes
Scientists discover a new species of marine life in the deep ocean.,no
Claim your free vacation package to a 5-star resort! Limited availability.,yes
Local school district launches a program to provide free meals to students in need.,no
"Turn $100 into $10,000 in one week with our proven investment strategy.",yes
Breaking news: International leaders commit to reducing carbon emissions.,no
"Congratulations! You've won a $1,000 shopping spree. Claim your prize now.",yes
Community garden project aims to promote sustainable urban agriculture.,no
Get rich quick with our guaranteed investment plan. Start making money today!,yes
New medical research shows promising results in the fight against Alzheimer's disease.,no
Secure your financial future with our exclusive money-making system.,yes
City to invest in renewable energy projects to reduce environmental impact.,no
Your bank account is at risk. Provide your personal information to secure it.,yes
Local animal shelter rescues and rehabilitates abandoned pets.,no
Win a dream vacation for you and your family! Limited time offer.,yes
Government announces funding for healthcare initiatives to improve access.,no
"Make $1,000 a day from home with our easy, foolproof method.",yes
New study suggests that a plant-based diet can lead to better health.,no
Your computer has a virus. Pay now to remove it and protect your data.,yes
Local food bank seeks donations to help feed families in need.,no
Get rich overnight with our revolutionary investment opportunity!,yes
City implements new recycling program to reduce waste and environmental impact.,no
Congratulations! You've won a luxury cruise vacation. Provide your details.,yes
Breaking news: Global leaders unite to combat a public health crisis.,no
Claim your free iPhone X now! Limited quantities available.,yes
Local charity organizes a charity run to support children's education.,no
Double your money in a week with our high-yield investment plan!,yes
New research reveals potential cures for common chronic diseases.,no
Your bank account has been frozen. Verify your identity to unfreeze it.,yes
City announces plans to improve public transportation and reduce traffic congestion.,no
Win a lifetime supply of your favorite snack! Only a few spots left.,yes
International summit focuses on cooperation to address global challenges.,no
Unlock the secret to instant wealth with our exclusive program!,yes
New medical breakthroughs offer hope for patients with rare diseases.,no
Your credit card has been compromised. Click here to resolve the issue.,yes
Local community hosts a food drive to help those in need.,no
Get rich quick with our guaranteed investment strategy! Start now!,yes
Government announces measures to combat climate change and protect the environment.,no
"Congratulations! You've won a $1,000 cash prize. Claim your reward now.",yes
Local volunteers clean up the city park to make it safer and more beautiful.,no
Make money while you sleep with our automated trading system. Join today!,yes
New initiatives to provide affordable housing for low-income families.,no
Become a millionaire overnight with this secret method!,yes
Breaking: Major earthquake strikes the west coast.,no
Click here to win a free iPhone!,yes
New COVID-19 vaccine approved for emergency use.,no
"Congratulations! You've won a $1,000,000 lottery prize!",yes
Scientists discover a new species of dinosaur.,no
Make money from home with this easy scheme!,yes
Stock market experiences record gains.,no
Get rich quick with our exclusive program!,yes
Political leader announces new policies to tackle unemployment.,no
Guaranteed weight loss with this miracle pill!,yes
Local community organizes a charity event.,no
Double your money in just one week!,yes
New research shows the benefits of meditation.,no
Free trial of our amazing product - just pay shipping!,yes
New technology breakthrough in renewable energy.,no
Start making thousands of dollars online today!,yes
SpaceX launches mission to Mars.,no
Unlock the secrets of unlimited wealth!,yes
Wildfires continue to devastate the region.,no
Easy money-making opportunity. Join now!,yes
Annual charity fundraiser a huge success.,no
Get a brand new luxury car for just $99!,yes
Local school wins national science competition.,no
Make money fast with this revolutionary system!,yes
New public park opens in the heart of the city.,no
Financial freedom is just one click away!,yes
Breaking news: Historic peace treaty signed.,no
"Earn $10,000 a month from your couch!",yes
Record-breaking heatwave hits the country.,no
Join our exclusive get-rich-quick club!,yes
Local artist's work featured in national gallery.,no
Invest in this guaranteed money-making opportunity!,yes
New affordable housing project announced.,no
Double your investment in 24 hours!,yes
Volunteers clean up the local beach.,no
Secret method to become a millionaire revealed!,yes
Major infrastructure project to create jobs and boost economy.,no
Make easy money with our proven system!,yes
Scientists make breakthrough in cancer research.,no
Get rich without any effort. Join now!,yes
New public transportation system to reduce traffic.,no
Start earning a passive income today!,yes
International peace summit ends with agreements.,no
Instant wealth with our guaranteed program!,yes
Local hero saves family from burning building.,no
Unlock the secrets of financial success!,yes
Breaking news: Historic building to be preserved.,no
Make thousands of dollars in a week!,yes
New scholarship program to help underprivileged students.,no
Easy money with our risk-free method!,yes
Local hospital receives state-of-the-art medical equipment.,no
Guaranteed riches with our exclusive offer!,yes
Researchers discover a new cure for a rare disease.,no
Get in on the ground floor of this amazing opportunity!,yes
Local wildlife sanctuary wins environmental award.,no
"Turn $100 into $10,000 in just one day!",yes
City invests in green energy projects.,no
Join our money-making club and start cashing in!,yes
World leaders meet to address global challenges.,no
Get rich overnight with our proven strategy!,yes
Local youth group organizes a charity run.,no
New technology promises to revolutionize the industry.,no
Make money fast with our guaranteed system!,yes
World-renowned artist exhibits work in the city.,no
Double your income with our easy method!,yes
Breaking news: Emergency relief efforts underway.,no
Earn unlimited income from the comfort of your home!,yes
New regulations to protect the environment.,no
Unlock the secrets of financial freedom!,yes
Exclusive offer: Make millions in no time!,yes
Local food bank feeds thousands of families.,no
Breaking news: Historic site to be preserved.,no
Financial success is just a click away!,yes
Join our get-rich-quick program and start profiting now!,yes
City invests in infrastructure upgrades.,no
Guaranteed profits with our exclusive opportunity!,yes
Scientists make significant progress in climate research.,no
Make money without lifting a finger. Join us!,yes
Local school receives national recognition.,no
Working on a new project.,no
Coffee is my best friend.,no
Nature hike this weekend!,no
Enjoying a relaxing evening by the fire.,no
Excited to start a new book this weekend.,no
Congratulations you've been selected for a great vacation! Stay safe and protect your personal information.,yes
Explore financial opportunities wisely and be cautious of overnight millionaire schemes.,no
Watching a movie tonight.,no
Pizza for dinner!,no
Catching up on my favorite TV series.,no
Movie night with friends!,no
Cooking up a delicious homemade dinner.,no
Beware of vacation scams! Protect your personal information and stay safe online.,no
Late-night cravings.,no
Exploring the local food scene.,no
Discussing favorite films with friends.,no
Trying out new recipes at home.,no
Learning a new language.,no
Book recommendations anyone?,no
Exploring different cultures through language learning.,no
Reading is my favorite way to unwind.,no
A new language opens up new horizons.,no
Beware of vacation scams! Protect your personal information and stay safe online.,no
Manage your cryptocurrency wisely and avoid too-good-to-be-true promises.,no
Pets are family.,no
Adopted a new furry friend.,no
Spending quality time with my beloved pets.,no
Cherishing the unconditional love of pets.,no
Exploring pet-friendly activities in the city.,no
Productive day at work.,no
Weekend plans are set!.,no
Environmental conservationist.,no
Sustainability matters.,no
Dedicated to preserving our planet and promoting sustainable practices.,no
Advocating for the protection of natural resources and biodiversity.,no
Together we can make the world a better place for future generations.,no
Fashion and style.,no
Fashion show this weekend.,no
Experimenting with new styles and fashion trends.,no
Eagerly anticipating the upcoming fashion show.,no
Discussing fashion choices with friends.,no
Fashion is my creative outlet.,no
Nature lover.,no
Hiking and camping adventures.,no
Art and creativity.,no
Gallery exhibition this weekend.,no
Inspired by the beauty of nature in my art.,no
Exploring different art forms and techniques.,no
Artistic expression is my passion.,no
Feeling creative today.no,
Cooked a new recipe.,no
Pets are family.,no
Adopted a new furry friend.,no
Spending quality time with my beloved pets.,no
Cherishing the unconditional love of pets.,no
Exploring pet-friendly activities in the city.,no
Productive day at work.,no
Weekend plans are set!,no
Traveling the world!,no
Exploring new cultures.,no
Embarking on a new adventure around the globe.,no
Connecting with people from different corners of the world.,no
Discovering the beauty of diverse cultures.,no
Learning a new language.,no
Book recommendations anyone?,no
Gourmet food lover.,no
Cooking up a storm.,no
Exploring the world of culinary delights.,no
Creating culinary masterpieces in the kitchen.,no
Foodie adventures are my favorite journeys.,no
Feeling creative today.,no
Cooked a new recipe.,no
Movie buffs unite.,no
Top movie picks of the year.,no
Exploring the world of cinema and storytelling.,no
Engaging in lively discussions about favorite movies.,no
Passionate about the magic of the silver screen.,no
Meet singles in your area  just share your personal info and credit card details.,yes
Double your Bitcoin in 24 hours! Send us your cryptocurrency and we'll double it for you.,yes
Exploring underwater life.,no
Scuba diving adventures.,no
Diving into the depths of the ocean for incredible underwater experiences.,no
Sharing the beauty of the aquatic world through photos and stories.,no
Every dive is a new adventure waiting to be discovered.,no
Artistic expressions.,no
Painting and sculpture creations.,no
Diving into the world of art from painting to sculpture.,no
Sharing the results of creative endeavors with fellow art enthusiasts.,no
Every piece of art has a story to tell.,no
Wildlife photography.,no
Capturing nature's beauty,no
Exploring the world of wildlife through my lens,no
Preserving the majesty of creatures in their natural habitat,no
Every click tells a unique story of the animal kingdom,no
Culinary delights,no
Foodie adventures,no
Embarking on culinary adventures in search of delicious dishes,no
Sharing the joy of food and exploration with fellow foodies,no
Food is the gateway to discovering new cultures,no
Exploring foreign languages,no
Multilingual connections,no
Diving into the world of language learning and cultural exchange,no
Sharing the beauty of different languages and cultures with fellow enthusiasts,no
Language is the bridge that connects the world,no
Film enthusiasts unite,no
Cinematic adventures await,no
Exploring the world of filmmaking from watching to creating,no
Engaging in lively discussions about favorite movies,no
Movies are the stories that connect us all,no
Culinary exploration,no
Cooking and baking adventures,no
Delving into the world of culinary delights and food experiments,no
Sharing the joy of culinary creativity with fellow foodies,no
Cooking is an art and the kitchen is the canvas,no
Outdoor adventures,no
Hiking and camping expeditions,no
Embracing the great outdoors through thrilling adventures,no
Sharing the beauty of nature and the excitement of exploration,no
Every journey into the wilderness is a lesson in survival,no
Fashion forward,no
Trendy style and fashion news,no
Immersed in the world of fashion from the latest trends to personal style,no
Sharing insights and experiences in the fashion industry,no
Fashion is a statement and style is the language,no
Cinematic journeys,no
Movie nights and premieres,no
Exploring the world of cinema from classics to the latest releases,no
Engaging in discussions about the art of storytelling through film,no
Movies are the tapestry of our lives,no
Underwater wonders,no
Scuba diving adventures and marine life exploration,no
Exploring the depths of the ocean and the mysteries of underwater life,no
Sharing the beauty and diversity of marine ecosystems,no
Beneath the surface lies a world waiting to be discovered,no
Pet lovers' paradise,no
Adventures with furry friends,no
Celebrating the bond between humans and their beloved pets,no
Sharing stories and moments that make life with pets special,no
Pets bring joy love and endless happiness into our lives.,no
Rats are tasty,no
Autorikshaw is a moving heaven,no
Rohith stole Hari's Fish,no
Hari loves cs,no
I'm giving away a free gift card to the first 10 people who click on this link!,yes
I'm a young model looking for someone to chat with. DM me for more information!,yes
I'm looking for a sugar daddy to spoil me. Are you interested?,yes
I'm offering exclusive content for a limited time only. Subscribe now!,yes
I'm a new webcam model. Check out my show!,yes
I'm looking for someone to have a steamy video chat with. Are you interested?,yes
I'm giving away a free subscription to my premium content. Click here to learn more!,yes
I'm a new actress on OnlyFans. Subscribe to see my exclusive content!,yes
I'm offering a special discount on my custom videos. DM me for more information!,yes
I'm looking for someone to do a roleplay with. Are you interested?,yes
I'm giving away a free gift to the first 10 people who share this tweet!,yes
I'm a young model looking for someone to collaborate with. DM me for more information!,yes
I'm looking for a sugar daddy to take care of me. Are you interested?,yes
I'm offering exclusive content for a limited time only. Subscribe now!,yes
I'm a new webcam model. Check out my show!,yes
I'm looking for someone to have a steamy video chat with. Are you interested?,yes
I'm giving away a free subscription to my premium content. Click here to learn more!,yes
I'm a new actress on OnlyFans. Subscribe to see my exclusive content!,yes
I'm offering a special discount on my custom videos. DM me for more information!,yes
I'm looking for someone to do a roleplay with. Are you interested?,yes
I'm giving away a free gift to the first 10 people who retweet this post!,yes
I'm a young model looking for someone to follow me. DM me for more information!,yes
I'm looking for a sugar daddy to give me money. Are you interested?,yes
I'm offering exclusive content for a limited time only. Subscribe now!,yes
I'm a new webcam model. Check out my show now!,yes
I'm looking for someone to have a steamy video chat with. Are you interested?,yes
I'm giving away a free subscription to my premium content. Click here to learn more!,yes
I'm a new actress on OnlyFans. Subscribe to see my exclusive content!,yes
I'm offering a special discount on my custom videos. DM me for more information!,yes
I'm looking for someone to do a roleplay with. Are you interested?,yes
earn money easily by playing rummy online. sign up now and get a free bonus!,yes
win big money by playing online roulette. try your luck today!,yes
double your money in just a few hours by playing online slots. don't miss out!,yes
get rich quick by playing online casino games. sign up now and start winning!,yes
play rummy online for free and win real money. it's that easy!,yes
join our exclusive vip club and get access to the best online casino games. sign up now!,yes
get a free bonus of up to ₹10000 when you sign up for our online casino.,yes
make a fortune by playing rummy online. try your luck today!,yes
win big money by playing online poker. join our tables now!,yes
earn up to ₹1 lakh per month by playing online casino games. it's simple!,yes
get a free bonus of up to ₹50000 when you sign up for our online casino.,yes
play rummy online with friends and family. it's the perfect way to have fun and win money!,yes
join our online casino and get a free sign-up bonus. start winning today!,yes
earn real money by playing online slots. it's easy and fun!,yes
win big money by playing online roulette. try your luck today!,yes
double your money in just a few hours by playing online blackjack. don't miss out!,yes
get rich quick by playing online casino games. sign up now and start winning!,yes
play rummy online for free and win real money. it's that easy!,yes
join our exclusive vip club and get access to the best online casino games. sign up now!,yes
get a free bonus of up to ₹10000 when you sign up for our online casino.,yes
make a fortune by playing rummy online. try your luck today!,yes
win big money by playing online poker. join our tables now!,yes
earn up to ₹1 lakh per month by playing online casino games. it's simple!,yes
get a free bonus of up to ₹50000 when you sign up for our online casino.,yes
play rummy online with friends and family. it's the perfect way to have fun and win money!,yes
join our online casino and get a free sign-up bonus. start winning today!,yes
You've been selected to star in our new movie! Click the link below to learn more.,yes
We're looking for new actors and actresses for our upcoming movie. Apply now!,yes
You're one step away from becoming a star! Click here to audition for our new movie.,yes
We're casting for a new role in our upcoming movie. Apply now and you could be our next star!,yes
You've been selected for a role in our new movie! Click the link below to schedule your audition.,yes
We're looking for new actors and actresses to join our cast. Apply now and you could be our next star!,yes
We're casting for a new role in our upcoming movie. Apply now and you could be our next big break!,yes
You've been selected for a role in our new movie! Click the link below to learn more about the role.,yes
We're looking for new actors and actresses to join our cast. Apply now and you could be our next big star!,yes
We're casting for a new role in our upcoming movie. Apply now and you could be our next big break!,yes
You've been selected for a role in our new movie! Click the link below to learn more about the role.,yes
We're looking for new actors and actresses to join our cast. Apply now and you could be our next big star!,yes
We're casting for a new role in our upcoming movie. Apply now and you could be our next big break!,yes
You've been selected for a role in our new movie! Click the link below to learn more about the role.,yes
We're looking for new actors and actresses to join our cast. Apply now and you could be our next big star!,yes
We're casting for a new role in our upcoming movie. Apply now and you could be our next big break!,yes
You've been selected for a role in our new movie! Click the link below to learn more about the role.,yes
We're looking for new actors and actresses to join our cast. Apply now and you could be our next big star!,yes
We're casting for a new role in our upcoming movie. Apply now and you could be our next big break!,yes
You've been selected for a role in our new movie! Click the link below to learn more about the role.,yes
We're looking for new actors and actresses to join our cast. Apply now and you could be our next big star!,yes
We're casting for a new role in our upcoming movie. Apply now and you could be our next big break!,yes
You've been selected for a role in our new movie! Click the link below to learn more about the role.,yes
We're looking for new actors and actresses to join our cast. Apply now and you could be our next big star!,yes
We're casting for a new role in our upcoming movie. Apply now and you could be our next big break!,yes
You've been selected for a role in our new movie! Click the link below to learn more about the role.,yes
I'm so excited to announce that I've been cast in a new movie! It's been a dream of mine to be an actor and I can't wait to share this journey with you all. #newmovie #casting #excited,no
I'm so grateful to be a part of this upcoming movie. It's such a talented cast and crew and I can't wait to see what we create together. #newmovie #grateful #excited,no
I'm so excited to be sharing this new movie with you all! It's a story that's close to my heart and I hope it resonates with you as well. #newmovie #excited #grateful,no
I'm so proud to be a part of this new movie. It's a story that needs to be told and I can't wait for you all to see it. #newmovie #proud #excited,no
I'm so excited to be working with such a talented cast and crew on this new movie. We're all so passionate about this project and I can't wait to share it with you all. #newmovie #excited #passionate,no
I'm so grateful for the opportunity to be a part of this new movie. It's such a dream come true and I can't wait to share it with you all. #newmovie #grateful #dreamcometrue,no
I'm so excited to be working on this new movie with such a talented cast and crew. We're all working hard to create something special and I can't wait for you all to see it. #newmovie #excited #hardworkpaysoff,no
I'm so proud to be a part of this new movie. It's a story that I believe in and I can't wait for you all to see it. #newmovie #proud #believe,no
I'm so excited to be sharing this new movie with you all! It's a story that I'm so passionate about and I can't wait to hear what you think. #newmovie #excited #passionate,no
I'm so grateful for the opportunity to be a part of this new movie. It's a story that I think will resonate with a lot of people and I can't wait to share it with the world. #newmovie #grateful #resonate,no
I'm so excited to be working with such a talented cast and crew on this new movie. We're all working hard to create something special and I can't wait for you all to see it. #newmovie #excited #hardworkpaysoff,no
I'm so proud to be a part of this new movie. It's a story that I believe in and I can't wait for you all to see it. #newmovie #proud #believe,no
I'm so excited to be sharing this new movie with you all! It's a story that I'm so passionate about and I can't wait to hear what you think. #newmovie #excited #passionate,no
I'm so grateful for the opportunity to be a part of this new movie. It's a story that I think will resonate with a lot of people and I can't wait to share it with the world. #newmovie #grateful #resonate,no
I'm so excited to be working with such a talented cast and crew on this new movie. We're all working hard to create something special and I can't wait for you all to see it. #newmovie #excited #hardworkpaysoff,no
I'm so proud to be a part of this new movie. It's a story that I believe in and I can't wait for you all to see it. #newmovie #proud #believe,no
I'm so excited to be sharing this new movie with you all! It's a story that I'm so passionate about and I can't wait to hear what you think. #newmovie #excited #passionate,no
I'm so grateful for the opportunity to be a part of this movie. It's a story that I think will resonate with a lot of people and I can't wait to share it with the world. #newmovie #grateful #resonate,no
I'm so excited to start filming my new movie! It's been a long journey but I'm so grateful for the opportunity to bring this story to life. #newmovie #excited #grateful,no
I'm having such a blast shooting my new movie with this amazing cast and crew. We're all working hard to create something special and I can't wait for you all to see it! #newmovie #excited #hardworkpaysoff,no
I'm so proud of the work we're doing on this new movie. It's a story that I'm really passionate about and I can't wait to share it with the world. #newmovie #proud #passionate,no
I'm so grateful for the support of my fans on this new movie journey. I couldn't do it without you! #newmovie #grateful #fansupport,no
I'm so excited to announce that my new movie will be released on [date]! Mark your calendars! #newmovie #excited #releasedate,no
I'm so excited to share the trailer for my new movie! It's been a long time coming but it's finally here. I hope you love it! #newmovie #excited #trailer,no
I'm so grateful for the positive reviews of my new movie! It's so rewarding to know that people are enjoying it. #newmovie #grateful #reviews,no
I'm so excited to be nominated for a [award] for my work in my new movie! It's such an honor to be recognized by my peers. #newmovie #excited #awardnomination,no
I'm so thrilled to have won a [award] for my work in my new movie! It's a dream come true. #newmovie #excited #awardwinner,no
I'm so grateful for the success of my new movie! It's been such an incredible journey and I'm so lucky to have shared it with all of you. #newmovie #grateful #success,no
I had the best time filming my new movie with such a talented cast and crew. I can't wait for you all to see it! #newmovie #excited #talentedcast,no
I'm so grateful for the opportunity to share my story with the world through my new movie. I hope it inspires people to follow their dreams. #newmovie #grateful #inspiration,no
I'm so excited to announce that my new movie will be premiering at [film festival]! I can't wait to see your reactions. #newmovie #excited #premiere,no
I'm so proud of the work we did on this new movie. It's a story that I'm really passionate about and I can't wait to see how people react. #newmovie #proud #passionate,no
I'm so grateful for the support of my fans during this new movie journey. I couldn't have done it without you! #newmovie #grateful #fansupport,no
I'm so excited to share the first clip from my new movie! I hope you enjoy it! #newmovie #excited #firstclip,no
I'm so grateful for the positive reviews of my new movie! It's so rewarding to know that people are enjoying it. #newmovie #grateful #reviews,no
I'm so excited to be nominated for a [award] for my work in my new movie! It's such an honor to be recognized by my peers. #newmovie #excited #awardnomination,no
I'm so thrilled to have won a [award] for my work in my new movie! It's a dream come true. #newmovie #excited #awardwinner,no
I'm so grateful for the success of my new movie! It's been such an incredible journey and I'm so lucky to have shared it with all of you. #newmovie #grateful #success,no
Govind is in love with computer science along with hari,no
virat kohli is greatest of all time,no
